{"cameraMode":{"drawMode":0,"name":"Shaded","section":"Shading Mode"},"sceneLighting":false,"audioPlay":false,"sceneViewState":{"showFog":true,"showMaterialUpdate":true,"showSkybox":true,"showFlares":true,"showImageEffects":true,"showParticleSystems":true},"in2DMode":false,"pivot":{"x":205.20001220703126,"y":118.80000305175781,"z":0.0},"rotation":{"x":0.0014999842969700695,"y":0.0044999802485108379,"z":0.00000674997545502265,"w":-0.9999887943267822},"size":265.6449279785156,"orthographic":true}