{"cameraMode":{"drawMode":0,"name":"Shaded","section":"Shading Mode"},"sceneLighting":false,"audioPlay":false,"sceneViewState":{"showFog":false,"showMaterialUpdate":false,"showSkybox":false,"showFlares":false,"showImageEffects":false,"showParticleSystems":false},"in2DMode":false,"pivot":{"x":75.0,"y":4.008508682250977,"z":-1.3949998617172242},"rotation":{"x":0.11368551105260849,"y":-0.03426932916045189,"z":0.003923725802451372,"w":0.9929178357124329},"size":19.216766357421876,"orthographic":false}